https://www.business.natwest.com/business/business-banking/business-bank-accounts/business-bank-account/application-out-of-hours-ltd-llp.html,<Response [200]>,1.701817
https://www.business.natwest.com/business/business-banking/business-bank-accounts/business-bank-account/application-unavailable.html,<Response [200]>,1.67408
https://www.business.natwest.com/business/business-banking/business-bank-accounts/business-bank-account/complete-app-entity-type.html,<Response [200]>,1.675401
https://www.business.natwest.com/business/business-banking/business-bank-accounts/business-bank-account/complete-do-you-have-your-details-ready.html,<Response [200]>,1.470053
https://www.business.natwest.com/business/business-banking/business-bank-accounts/business-bank-account/continue-with-application-ltd-llp.html,<Response [200]>,1.421085
https://www.business.natwest.com/business/business-banking/business-bank-accounts/business-bank-account/continue-with-application-st-pt.html,<Response [200]>,1.38071
https://www.business.natwest.com/business/business-banking/business-bank-accounts/business-bank-account/do-you-have-a-relationship-manager.html,<Response [200]>,1.49836
https://www.business.natwest.com/business/business-banking/business-bank-accounts/business-bank-account/application-out-of-hours-ltd-llp.html,<Response [200]>,1.536778
https://www.business.natwest.com/business/business-banking/business-bank-accounts/business-bank-account/application-unavailable.html,<Response [200]>,1.38784
https://www.business.natwest.com/business/business-banking/business-bank-accounts/business-bank-account/complete-app-entity-type.html,<Response [200]>,1.853554
https://www.business.natwest.com/business/business-banking/business-bank-accounts/business-bank-account/complete-do-you-have-your-details-ready.html,<Response [200]>,1.56598
https://www.business.natwest.com/business/business-banking/business-bank-accounts/business-bank-account/continue-with-application-ltd-llp.html,<Response [200]>,1.397263
https://www.business.natwest.com/business/business-banking/business-bank-accounts/business-bank-account/continue-with-application-st-pt.html,<Response [200]>,1.463842
https://www.business.natwest.com/business/business-banking/business-bank-accounts/business-bank-account/do-you-have-a-relationship-manager.html,<Response [200]>,1.472857
https://www.business.natwest.com/business/business-banking/business-bank-accounts/business-bank-account/etb-for-new-or-existing-business.html,<Response [200]>,3.482504
https://www.business.natwest.com/business/business-banking/business-bank-accounts/business-bank-account/etb-nb-entity-type.html,<Response [200]>,2.995127
https://www.business.natwest.com/business/business-banking/business-bank-accounts/business-bank-account/etb-nb-entity-type/llp-ntb-legal-stuff.html,<Response [200]>,1.58667
https://www.business.natwest.com/business/business-banking/business-bank-accounts/business-bank-account/etb-nb-entity-type/llp-ntb-what-you-need-to-apply.html,<Response [200]>,1.71064
https://www.business.natwest.com/business/business-banking/business-bank-accounts/business-bank-account/etb-nb-entity-type/ltd-ntb-legal-stuff.html,<Response [200]>,1.842506
https://www.business.natwest.com/business/business-banking/business-bank-accounts/business-bank-account/etb-nb-entity-type/ltd-ntb-what-you-need-to-apply.html,<Response [200]>,1.72989
https://www.business.natwest.com/business/business-banking/business-bank-accounts/business-bank-account/etb-nb-entity-type/pt-ntb-legal-stuff.html,<Response [200]>,1.808124
https://www.business.natwest.com/business/business-banking/business-bank-accounts/business-bank-account/etb-nb-entity-type/pt-ntb-what-you-need-to-apply.html,<Response [200]>,1.755205
https://personal.natwest.com/personal/current_accounts.html,<Response [200]>,0.868228
https://personal.natwest.com/personal/_Insurance/renters_contents_insurance/retrieve-a-quote.html,<Response [200]>,1.559457
https://personal.natwest.com/personal/_Insurance/renters_contents_insurance.html,<Response [200]>,0.877997
https://personal.natwest.com/personal/_Insurance/renters_contents_insurance/important-imformation/get-a-new-quote.html,<Response [200]>,1.516855
https://personal.natwest.com/personal/_Insurance/renters_contents_insurance/important-imformation.html,<Response [200]>,1.656707
https://personal.natwest.com/personal/_Insurance/renters_contents_insurance/get-a-new-quote-option.html,<Response [404]>,1.138499
https://personal.natwest.com/personal/_Insurance.html,<Response [200]>,0.869032
https://personal.natwest.com/personal/_Insurance/building_insurance/retrieve-a-quote.html,<Response [200]>,1.419083
https://personal.natwest.com/personal/_Insurance/building_insurance.html,<Response [200]>,0.878325
https://personal.natwest.com/personal/_Insurance/building_insurance/get-a-new-quote-option1.html,<Response [404]>,1.003195
https://personal.natwest.com/personal/_Insurance/building_insurance/important-imformation/get-a-new-quote.html,<Response [200]>,1.471961
https://personal.natwest.com/personal/_Insurance/building_insurance/important-imformation.html,<Response [200]>,1.778388
https://personal.natwest.com/personal/_Insurance/building_insurance/get-a-new-quote-option.html,<Response [404]>,0.978289
https://personal.natwest.com/personal/_Insurance/building_contents_insurance/retrieve-a-quote.html,<Response [200]>,1.499096
https://personal.natwest.com/personal/_Insurance/building_contents_insurance.html,<Response [200]>,0.857107
https://personal.natwest.com/personal/_Insurance/building_contents_insurance/get-a-new-quote-option1.html,<Response [404]>,1.037456
https://personal.natwest.com/personal/_Insurance/building_contents_insurance/important-imformation.html,<Response [200]>,1.609289
https://personal.natwest.com/personal/_Insurance/building_contents_insurance/important-imformation/get-a-new-quote-option.html,<Response [200]>,1.604247
https://personal.natwest.com/personal/_Insurance/building_contents_insurance/get-a-new-quote-option.html,<Response [404]>,0.982221
https://personal.natwest.com/personal/_Insurance/contents_insurance/retrieve-a-quote.html,<Response [200]>,1.424201
https://personal.rbs.co.uk/personal/personal-loans.html,<Response [404]>,1.320771
https://personal.rbs.co.uk/personal/current_accounts.html,<Response [200]>,0.878758
https://personal.rbs.co.uk/personal/how-we-use-your-information.html,<Response [200]>,1.44946
https://personal.rbs.co.uk/personal/do-we-know-u.html,<Response [404]>,1.020534
https://personal.rbs.co.uk/personal/loans0.html,<Response [404]>,0.998217
https://personal.rbs.co.uk/personal/_Insurance/renters_contents_insurance/retrieve-a-quote.html,<Response [200]>,1.396713
https://personal.rbs.co.uk/personal/_Insurance/renters_contents_insurance.html,<Response [200]>,2.164816
https://personal.rbs.co.uk/personal/_Insurance/renters_contents_insurance/important-imformation.html,<Response [200]>,1.670054
https://personal.rbs.co.uk/personal/_Insurance/renters_contents_insurance/important-imformation/get-a-new-quote-option.html,<Response [200]>,1.50634
https://personal.rbs.co.uk/personal/_Insurance/renters_contents_insurance/get-a-new-quote-option.html,<Response [404]>,1.021642
https://personal.rbs.co.uk/personal/_Insurance.html,<Response [200]>,1.746095
https://personal.rbs.co.uk/personal/_Insurance/building_insurance/retrieve-a-quote.html,<Response [200]>,1.720587
https://personal.rbs.co.uk/personal/_Insurance/building_insurance.html,<Response [200]>,2.846106
https://personal.rbs.co.uk/personal/_Insurance/building_insurance/get-a-new-quote-option1.html,<Response [404]>,1.037821
https://personal.rbs.co.uk/personal/_Insurance/building_insurance/important-imformation.html,<Response [200]>,1.601047
https://personal.rbs.co.uk/personal/_Insurance/building_insurance/important-imformation/get-a-new-quote-option.html,<Response [200]>,1.471158
https://personal.rbs.co.uk/personal/_Insurance/building_contents_insurance/retrieve-a-quote.html,<Response [200]>,1.490665
https://personal.rbs.co.uk/personal/_Insurance/building_contents_insurance.html,<Response [200]>,0.877162
https://personal.rbs.co.uk/personal/_Insurance/building_contents_insurance/get-a-new-quote-option1.html,<Response [404]>,1.048097
https://personal.rbs.co.uk/personal/_Insurance/building_contents_insurance/important-imformation.html,<Response [200]>,1.662822
https://personal.rbs.co.uk/personal/credit_cards/the_natwest_credit_card.html,<Response [404]>,1.000284
https://www.business.rbs.co.uk/business/business-banking/how-we-use-your-information.html,<Response [200]>,0.872897
https://www.business.rbs.co.uk/business/business-banking/business-tools/pentest/eligibilityCheckTool.html,<Response [200]>,2.024861
https://www.business.rbs.co.uk/business/business-banking/business-tools/pentest/sbltooltest.html,<Response [200]>,1.338558
https://www.business.rbs.co.uk/business/business-banking/business-tools/pentest/odtooltest.html,<Response [200]>,1.344438
https://www.business.rbs.co.uk/business/business-banking/business-tools/pentest.html,<Response [404]>,0.956894
https://www.business.rbs.co.uk/business/business-banking/business-tools/eligibility-check1.html,<Response [404]>,1.181469
https://www.business.rbs.co.uk/business/business-banking/business-tools.html,<Response [200]>,1.295977
https://www.business.rbs.co.uk/business/business-banking/business-tools/eligibility-check.html,<Response [200]>,2.007368
https://www.business.rbs.co.uk/business/business-banking/business-lending/fixed-rate-loan/i-have-a-relationship-manager.html,<Response [200]>,1.313658
https://www.business.rbs.co.uk/business/business-banking/business-lending/fixed-rate-loan/do-you-have-a-relationship-manager.html,<Response [200]>,2.661508
https://www.business.rbs.co.uk/business/business-banking/business-lending/fixed-rate-loan/ntb-entity-types.html,<Response [200]>,2.603556
https://www.business.rbs.co.uk/business/business-banking/business-lending/fixed-rate-loan.html,<Response [200]>,4.370883
https://www.business.rbs.co.uk/business/business-banking/business-lending/fixed-rate-loan/etb-journeys-no-olb/llp-etb-what-you-need-to-apply.html,<Response [200]>,1.523815
https://www.business.rbs.co.uk/business/business-banking/business-lending/fixed-rate-loan/etb-journeys-no-olb/llp-etb-start-app-call-us.html,<Response [404]>,1.072755
https://www.business.natwest.com/business/business-banking/business-bank-accounts/business-bank-account/application-out-of-hours-ltd-llp.html,<Response [200]>,1.635335
https://www.business.natwest.com/business/business-banking/business-bank-accounts/business-bank-account/application-unavailable.html,<Response [200]>,1.582221
https://www.business.natwest.com/business/business-banking/business-bank-accounts/business-bank-account/complete-app-entity-type.html,<Response [200]>,1.853614
https://www.business.natwest.com/business/business-banking/business-bank-accounts/business-bank-account/application-out-of-hours-ltd-llp.html,<Response [200]>,1.555332
https://www.business.natwest.com/business/business-banking/business-bank-accounts/business-bank-account/application-unavailable.html,<Response [200]>,1.537093
https://www.business.natwest.com/business/business-banking/business-bank-accounts/business-bank-account/complete-app-entity-type.html,<Response [200]>,1.803514
https://www.business.natwest.com/business/business-banking/business-bank-accounts/business-bank-account/complete-do-you-have-your-details-ready.html,<Response [200]>,1.503115
https://www.business.natwest.com/business/business-banking/business-bank-accounts/business-bank-account/continue-with-application-ltd-llp.html,<Response [200]>,1.512038
https://www.business.natwest.com/business/business-banking/business-bank-accounts/business-bank-account/continue-with-application-st-pt.html,<Response [200]>,1.412251
https://www.business.natwest.com/business/business-banking/business-bank-accounts/business-bank-account/do-you-have-a-relationship-manager.html,<Response [200]>,1.556062
https://www.business.natwest.com/business/business-banking/business-bank-accounts/business-bank-account/etb-for-new-or-existing-business.html,<Response [200]>,3.670281
https://www.business.natwest.com/business/business-banking/business-bank-accounts/business-bank-account/etb-nb-entity-type.html,<Response [200]>,3.350371
https://www.business.natwest.com/business/business-banking/business-bank-accounts/business-bank-account/etb-nb-entity-type/llp-ntb-legal-stuff.html,<Response [200]>,1.615478
https://www.business.natwest.com/business/business-banking/business-bank-accounts/business-bank-account/etb-nb-entity-type/llp-ntb-what-you-need-to-apply.html,<Response [200]>,1.643696
https://www.business.natwest.com/business/business-banking/business-bank-accounts/business-bank-account/etb-nb-entity-type/ltd-ntb-legal-stuff.html,<Response [200]>,1.655453
https://www.business.natwest.com/business/business-banking/business-bank-accounts/business-bank-account/etb-nb-entity-type/ltd-ntb-what-you-need-to-apply.html,<Response [200]>,2.159159
https://www.business.natwest.com/business/business-banking/business-bank-accounts/business-bank-account/etb-nb-entity-type/pt-ntb-legal-stuff.html,<Response [200]>,2.53491
https://www.business.natwest.com/business/business-banking/business-bank-accounts/business-bank-account/etb-nb-entity-type/pt-ntb-what-you-need-to-apply.html,<Response [200]>,1.853679
https://personal.natwest.com/personal/current_accounts.html,<Response [200]>,0.884133
https://personal.natwest.com/personal/_Insurance/renters_contents_insurance/retrieve-a-quote.html,<Response [200]>,1.529183
https://personal.natwest.com/personal/_Insurance/renters_contents_insurance.html,<Response [200]>,0.864786
https://personal.natwest.com/personal/_Insurance/renters_contents_insurance/important-imformation/get-a-new-quote.html,<Response [200]>,1.46632
https://personal.natwest.com/personal/_Insurance/renters_contents_insurance/important-imformation.html,<Response [200]>,1.567351
https://personal.natwest.com/personal/_Insurance/renters_contents_insurance/get-a-new-quote-option.html,<Response [404]>,1.005579
https://personal.natwest.com/personal/_Insurance.html,<Response [200]>,1.945586
https://personal.natwest.com/personal/_Insurance/building_insurance/retrieve-a-quote.html,<Response [200]>,1.372092
https://personal.natwest.com/personal/_Insurance/building_insurance.html,<Response [200]>,0.863883
https://personal.natwest.com/personal/_Insurance/building_insurance/get-a-new-quote-option1.html,<Response [404]>,1.007166
https://personal.natwest.com/personal/_Insurance/building_insurance/important-imformation/get-a-new-quote.html,<Response [200]>,0.856523
https://personal.natwest.com/personal/_Insurance/building_insurance/important-imformation.html,<Response [200]>,1.698024
https://personal.natwest.com/personal/_Insurance/building_insurance/get-a-new-quote-option.html,<Response [404]>,1.015958
https://personal.natwest.com/personal/_Insurance/building_contents_insurance/retrieve-a-quote.html,<Response [200]>,1.555586
https://personal.natwest.com/personal/_Insurance/building_contents_insurance.html,<Response [200]>,0.853355
https://personal.natwest.com/personal/_Insurance/building_contents_insurance/get-a-new-quote-option1.html,<Response [404]>,1.013588
https://personal.natwest.com/personal/_Insurance/building_contents_insurance/important-imformation.html,<Response [200]>,0.86577
https://personal.natwest.com/personal/_Insurance/building_contents_insurance/important-imformation/get-a-new-quote-option.html,<Response [200]>,1.509092
https://personal.natwest.com/personal/_Insurance/building_contents_insurance/get-a-new-quote-option.html,<Response [404]>,1.005183
https://personal.natwest.com/personal/_Insurance/contents_insurance/retrieve-a-quote.html,<Response [200]>,1.419091
https://personal.rbs.co.uk/personal/personal-loans.html,<Response [404]>,0.995651
https://personal.rbs.co.uk/personal/current_accounts.html,<Response [200]>,0.898221
https://personal.rbs.co.uk/personal/how-we-use-your-information.html,<Response [200]>,0.8761
https://personal.rbs.co.uk/personal/do-we-know-u.html,<Response [404]>,0.992314
https://personal.rbs.co.uk/personal/loans0.html,<Response [404]>,1.071365
https://personal.rbs.co.uk/personal/_Insurance/renters_contents_insurance/retrieve-a-quote.html,<Response [200]>,1.443492
https://personal.rbs.co.uk/personal/_Insurance/renters_contents_insurance.html,<Response [200]>,0.89196
https://personal.rbs.co.uk/personal/_Insurance/renters_contents_insurance/important-imformation.html,<Response [200]>,1.70773
https://personal.rbs.co.uk/personal/_Insurance/renters_contents_insurance/important-imformation/get-a-new-quote-option.html,<Response [200]>,1.471826
https://personal.rbs.co.uk/personal/_Insurance/renters_contents_insurance/get-a-new-quote-option.html,<Response [404]>,1.075712
https://personal.rbs.co.uk/personal/_Insurance.html,<Response [200]>,0.865703
https://personal.rbs.co.uk/personal/_Insurance/building_insurance/retrieve-a-quote.html,<Response [200]>,1.351944
https://personal.rbs.co.uk/personal/_Insurance/building_insurance.html,<Response [200]>,0.8932
https://personal.rbs.co.uk/personal/_Insurance/building_insurance/get-a-new-quote-option1.html,<Response [404]>,1.075147
https://personal.rbs.co.uk/personal/_Insurance/building_insurance/important-imformation.html,<Response [200]>,1.630647
https://personal.rbs.co.uk/personal/_Insurance/building_insurance/important-imformation/get-a-new-quote-option.html,<Response [200]>,1.478862
https://personal.rbs.co.uk/personal/_Insurance/building_contents_insurance/retrieve-a-quote.html,<Response [200]>,1.41326
https://personal.rbs.co.uk/personal/_Insurance/building_contents_insurance.html,<Response [200]>,0.939584
https://personal.rbs.co.uk/personal/_Insurance/building_contents_insurance/get-a-new-quote-option1.html,<Response [404]>,1.003113
https://personal.rbs.co.uk/personal/_Insurance/building_contents_insurance/important-imformation.html,<Response [200]>,1.71507
https://personal.rbs.co.uk/personal/credit_cards/the_natwest_credit_card.html,<Response [404]>,1.028505
https://www.business.rbs.co.uk/business/business-banking/how-we-use-your-information.html,<Response [200]>,1.334819
https://www.business.rbs.co.uk/business/business-banking/business-tools/pentest/eligibilityCheckTool.html,<Response [200]>,2.77803
https://www.business.rbs.co.uk/business/business-banking/business-tools/pentest/sbltooltest.html,<Response [200]>,1.283863
https://www.business.rbs.co.uk/business/business-banking/business-tools/pentest/odtooltest.html,<Response [200]>,4.791297
https://www.business.rbs.co.uk/business/business-banking/business-tools/pentest.html,<Response [404]>,0.966532
https://www.business.rbs.co.uk/business/business-banking/business-tools/eligibility-check1.html,<Response [404]>,1.040263
https://www.business.rbs.co.uk/business/business-banking/business-tools.html,<Response [200]>,1.348435
https://www.business.rbs.co.uk/business/business-banking/business-tools/eligibility-check.html,<Response [200]>,2.074629
https://www.business.rbs.co.uk/business/business-banking/business-lending/fixed-rate-loan/i-have-a-relationship-manager.html,<Response [200]>,1.318549
https://www.business.rbs.co.uk/business/business-banking/business-lending/fixed-rate-loan/do-you-have-a-relationship-manager.html,<Response [200]>,2.942925
https://www.business.rbs.co.uk/business/business-banking/business-lending/fixed-rate-loan/ntb-entity-types.html,<Response [200]>,2.728648
https://www.business.rbs.co.uk/business/business-banking/business-lending/fixed-rate-loan.html,<Response [200]>,4.459696
https://www.business.rbs.co.uk/business/business-banking/business-lending/fixed-rate-loan/etb-journeys-no-olb/llp-etb-what-you-need-to-apply.html,<Response [200]>,1.619151
https://www.business.rbs.co.uk/business/business-banking/business-lending/fixed-rate-loan/etb-journeys-no-olb/llp-etb-start-app-call-us.html,<Response [404]>,1.101741
https://www.business.natwest.com/business/business-banking/business-bank-accounts/business-bank-account/application-out-of-hours-ltd-llp.html,<Response [200]>,1.519369
https://www.business.natwest.com/business/business-banking/business-bank-accounts/business-bank-account/application-unavailable.html,<Response [200]>,1.460113
https://www.business.natwest.com/business/business-banking/business-bank-accounts/business-bank-account/complete-app-entity-type.html,<Response [200]>,1.797421
https://www.business.natwest.com/business/business-banking/business-bank-accounts/business-bank-account/complete-do-you-have-your-details-ready.html,<Response [200]>,0.872228
https://www.business.natwest.com/business/business-banking/business-bank-accounts/business-bank-account/continue-with-application-ltd-llp.html,<Response [200]>,1.489752
https://www.business.natwest.com/business/business-banking/business-bank-accounts/business-bank-account/continue-with-application-st-pt.html,<Response [200]>,1.491007
https://www.business.natwest.com/business/business-banking/business-bank-accounts/business-bank-account/do-you-have-a-relationship-manager.html,<Response [200]>,1.540007
https://www.business.natwest.com/business/business-banking/business-bank-accounts/business-bank-account/etb-for-new-or-existing-business.html,<Response [200]>,3.334783
https://www.business.natwest.com/business/business-banking/business-bank-accounts/business-bank-account/etb-nb-entity-type.html,<Response [200]>,3.1258
https://www.business.natwest.com/business/business-banking/business-bank-accounts/business-bank-account/etb-nb-entity-type/llp-ntb-legal-stuff.html,<Response [200]>,1.663792
https://www.business.natwest.com/business/business-banking/business-bank-accounts/business-bank-account/etb-nb-entity-type/llp-ntb-what-you-need-to-apply.html,<Response [200]>,1.71821
https://www.business.natwest.com/business/business-banking/business-bank-accounts/business-bank-account/etb-nb-entity-type/ltd-ntb-legal-stuff.html,<Response [200]>,1.612245
https://www.business.natwest.com/business/business-banking/business-bank-accounts/business-bank-account/etb-nb-entity-type/ltd-ntb-what-you-need-to-apply.html,<Response [200]>,1.848533
https://www.business.natwest.com/business/business-banking/business-bank-accounts/business-bank-account/etb-nb-entity-type/pt-ntb-legal-stuff.html,<Response [200]>,0.868451
https://www.business.natwest.com/business/business-banking/business-bank-accounts/business-bank-account/etb-nb-entity-type/pt-ntb-what-you-need-to-apply.html,<Response [200]>,1.687552
https://personal.natwest.com/personal/current_accounts.html,<Response [200]>,0.875214
https://personal.natwest.com/personal/_Insurance/renters_contents_insurance/retrieve-a-quote.html,<Response [200]>,1.447336
https://personal.natwest.com/personal/_Insurance/renters_contents_insurance.html,<Response [200]>,0.876727
https://personal.natwest.com/personal/_Insurance/renters_contents_insurance/important-imformation/get-a-new-quote.html,<Response [200]>,0.878586
https://personal.natwest.com/personal/_Insurance/renters_contents_insurance/important-imformation.html,<Response [200]>,1.703247
https://personal.natwest.com/personal/_Insurance/renters_contents_insurance/get-a-new-quote-option.html,<Response [404]>,1.017318
https://personal.natwest.com/personal/_Insurance.html,<Response [200]>,0.871879
https://personal.natwest.com/personal/_Insurance/building_insurance/retrieve-a-quote.html,<Response [200]>,1.443729
https://personal.natwest.com/personal/_Insurance/building_insurance.html,<Response [200]>,0.882629
https://personal.natwest.com/personal/_Insurance/building_insurance/get-a-new-quote-option1.html,<Response [404]>,0.994555
https://personal.natwest.com/personal/_Insurance/building_insurance/important-imformation/get-a-new-quote.html,<Response [200]>,1.434894
https://personal.natwest.com/personal/_Insurance/building_insurance/important-imformation.html,<Response [200]>,1.847082
https://personal.natwest.com/personal/_Insurance/building_insurance/get-a-new-quote-option.html,<Response [404]>,1.016698
https://personal.natwest.com/personal/_Insurance/building_contents_insurance/retrieve-a-quote.html,<Response [200]>,0.869277
https://personal.natwest.com/personal/_Insurance/building_contents_insurance.html,<Response [200]>,0.871987
https://personal.natwest.com/personal/_Insurance/building_contents_insurance/get-a-new-quote-option1.html,<Response [404]>,0.99479
https://personal.natwest.com/personal/_Insurance/building_contents_insurance/important-imformation.html,<Response [200]>,1.654779
https://personal.natwest.com/personal/_Insurance/building_contents_insurance/important-imformation/get-a-new-quote-option.html,<Response [200]>,1.679244
https://personal.natwest.com/personal/_Insurance/building_contents_insurance/get-a-new-quote-option.html,<Response [404]>,1.055481
https://personal.natwest.com/personal/_Insurance/contents_insurance/retrieve-a-quote.html,<Response [200]>,1.633848
https://personal.rbs.co.uk/personal/personal-loans.html,<Response [404]>,1.311097
https://personal.rbs.co.uk/personal/current_accounts.html,<Response [200]>,0.87746
https://personal.rbs.co.uk/personal/how-we-use-your-information.html,<Response [200]>,1.39191
https://personal.rbs.co.uk/personal/do-we-know-u.html,<Response [404]>,1.03464
https://personal.rbs.co.uk/personal/loans0.html,<Response [404]>,1.009191
https://personal.rbs.co.uk/personal/_Insurance/renters_contents_insurance/retrieve-a-quote.html,<Response [200]>,1.488816
https://personal.rbs.co.uk/personal/_Insurance/renters_contents_insurance.html,<Response [200]>,1.875748
https://personal.rbs.co.uk/personal/_Insurance/renters_contents_insurance/important-imformation.html,<Response [200]>,1.601228
https://personal.rbs.co.uk/personal/_Insurance/renters_contents_insurance/important-imformation/get-a-new-quote-option.html,<Response [200]>,1.417811
https://personal.rbs.co.uk/personal/_Insurance/renters_contents_insurance/get-a-new-quote-option.html,<Response [404]>,1.036425
https://personal.rbs.co.uk/personal/_Insurance.html,<Response [200]>,0.882426
https://personal.rbs.co.uk/personal/_Insurance/building_insurance/retrieve-a-quote.html,<Response [200]>,0.882568
https://personal.rbs.co.uk/personal/_Insurance/building_insurance.html,<Response [200]>,0.941156
https://personal.rbs.co.uk/personal/_Insurance/building_insurance/get-a-new-quote-option1.html,<Response [404]>,1.030636
https://personal.rbs.co.uk/personal/_Insurance/building_insurance/important-imformation.html,<Response [200]>,0.870529
https://personal.rbs.co.uk/personal/_Insurance/building_insurance/important-imformation/get-a-new-quote-option.html,<Response [200]>,1.37753
https://personal.rbs.co.uk/personal/_Insurance/building_contents_insurance/retrieve-a-quote.html,<Response [200]>,1.362182
https://personal.rbs.co.uk/personal/_Insurance/building_contents_insurance.html,<Response [200]>,0.883833
https://personal.rbs.co.uk/personal/_Insurance/building_contents_insurance/get-a-new-quote-option1.html,<Response [404]>,1.02553
https://personal.rbs.co.uk/personal/_Insurance/building_contents_insurance/important-imformation.html,<Response [200]>,1.702572
https://personal.rbs.co.uk/personal/credit_cards/the_natwest_credit_card.html,<Response [404]>,1.017228
https://www.business.rbs.co.uk/business/business-banking/how-we-use-your-information.html,<Response [200]>,0.934853
https://www.business.rbs.co.uk/business/business-banking/business-tools/pentest/eligibilityCheckTool.html,<Response [200]>,2.895943
https://www.business.rbs.co.uk/business/business-banking/business-tools/pentest/sbltooltest.html,<Response [200]>,1.414238
https://www.business.rbs.co.uk/business/business-banking/business-tools/pentest/odtooltest.html,<Response [200]>,1.351503
https://www.business.rbs.co.uk/business/business-banking/business-tools/pentest.html,<Response [404]>,0.943098
https://www.business.rbs.co.uk/business/business-banking/business-tools/eligibility-check1.html,<Response [404]>,1.073954
https://www.business.rbs.co.uk/business/business-banking/business-tools.html,<Response [200]>,1.30879
https://www.business.rbs.co.uk/business/business-banking/business-tools/eligibility-check.html,<Response [200]>,1.881157
https://www.business.rbs.co.uk/business/business-banking/business-lending/fixed-rate-loan/i-have-a-relationship-manager.html,<Response [200]>,1.272017
https://www.business.rbs.co.uk/business/business-banking/business-lending/fixed-rate-loan/do-you-have-a-relationship-manager.html,<Response [200]>,2.447785
https://www.business.rbs.co.uk/business/business-banking/business-lending/fixed-rate-loan/ntb-entity-types.html,<Response [200]>,2.380268
https://www.business.rbs.co.uk/business/business-banking/business-lending/fixed-rate-loan.html,<Response [200]>,3.728422
https://www.business.rbs.co.uk/business/business-banking/business-lending/fixed-rate-loan/etb-journeys-no-olb/llp-etb-what-you-need-to-apply.html,<Response [200]>,1.788729
https://www.business.rbs.co.uk/business/business-banking/business-lending/fixed-rate-loan/etb-journeys-no-olb/llp-etb-start-app-call-us.html,<Response [404]>,1.032524
https://www.business.natwest.com/business/business-banking/business-bank-accounts/business-bank-account/application-out-of-hours-ltd-llp.html,<Response [200]>,1.684898
https://www.business.natwest.com/business/business-banking/business-bank-accounts/business-bank-account/application-unavailable.html,<Response [200]>,1.75841
https://www.business.natwest.com/business/business-banking/business-bank-accounts/business-bank-account/complete-app-entity-type.html,<Response [200]>,2.132743
https://www.business.natwest.com/business/business-banking/business-bank-accounts/business-bank-account/complete-do-you-have-your-details-ready.html,<Response [200]>,1.484299
https://www.business.natwest.com/business/business-banking/business-bank-accounts/business-bank-account/continue-with-application-ltd-llp.html,<Response [200]>,1.406651
https://www.business.natwest.com/business/business-banking/business-bank-accounts/business-bank-account/continue-with-application-st-pt.html,<Response [200]>,1.552267
https://www.business.natwest.com/business/business-banking/business-bank-accounts/business-bank-account/do-you-have-a-relationship-manager.html,<Response [200]>,1.445941
https://www.business.natwest.com/business/business-banking/business-bank-accounts/business-bank-account/etb-for-new-or-existing-business.html,<Response [200]>,3.3717
https://www.business.natwest.com/business/business-banking/business-bank-accounts/business-bank-account/etb-nb-entity-type.html,<Response [200]>,3.638355
https://www.business.natwest.com/business/business-banking/business-bank-accounts/business-bank-account/etb-nb-entity-type/llp-ntb-legal-stuff.html,<Response [200]>,1.73113
https://www.business.natwest.com/business/business-banking/business-bank-accounts/business-bank-account/etb-nb-entity-type/llp-ntb-what-you-need-to-apply.html,<Response [200]>,2.090048
https://www.business.natwest.com/business/business-banking/business-bank-accounts/business-bank-account/etb-nb-entity-type/ltd-ntb-legal-stuff.html,<Response [200]>,1.769917
https://www.business.natwest.com/business/business-banking/business-bank-accounts/business-bank-account/etb-nb-entity-type/ltd-ntb-what-you-need-to-apply.html,<Response [200]>,2.371572
https://www.business.natwest.com/business/business-banking/business-bank-accounts/business-bank-account/etb-nb-entity-type/pt-ntb-legal-stuff.html,<Response [200]>,1.906072
https://www.business.natwest.com/business/business-banking/business-bank-accounts/business-bank-account/etb-nb-entity-type/pt-ntb-what-you-need-to-apply.html,<Response [200]>,1.838884
https://personal.natwest.com/personal/current_accounts.html,<Response [200]>,1.094248
https://personal.natwest.com/personal/_Insurance/renters_contents_insurance/retrieve-a-quote.html,<Response [200]>,1.860389
https://personal.natwest.com/personal/_Insurance/renters_contents_insurance.html,<Response [200]>,0.927785
https://personal.natwest.com/personal/_Insurance/renters_contents_insurance/important-imformation/get-a-new-quote.html,<Response [200]>,1.807858
https://personal.natwest.com/personal/_Insurance/renters_contents_insurance/important-imformation.html,<Response [200]>,0.888596
https://personal.natwest.com/personal/_Insurance/renters_contents_insurance/get-a-new-quote-option.html,<Response [404]>,1.067881
https://personal.natwest.com/personal/_Insurance.html,<Response [200]>,0.889474
https://personal.natwest.com/personal/_Insurance/building_insurance/retrieve-a-quote.html,<Response [200]>,0.913517
https://personal.natwest.com/personal/_Insurance/building_insurance.html,<Response [200]>,0.886131
https://personal.natwest.com/personal/_Insurance/building_insurance/get-a-new-quote-option1.html,<Response [404]>,1.065942
https://personal.natwest.com/personal/_Insurance/building_insurance/important-imformation/get-a-new-quote.html,<Response [200]>,0.894506
https://personal.natwest.com/personal/_Insurance/building_insurance/important-imformation.html,<Response [200]>,1.558054
https://personal.natwest.com/personal/_Insurance/building_insurance/get-a-new-quote-option.html,<Response [404]>,1.031111
https://personal.natwest.com/personal/_Insurance/building_contents_insurance/retrieve-a-quote.html,<Response [200]>,1.565803
https://personal.natwest.com/personal/_Insurance/building_contents_insurance.html,<Response [200]>,0.892824
https://personal.natwest.com/personal/_Insurance/building_contents_insurance/get-a-new-quote-option1.html,<Response [404]>,1.219042
https://personal.natwest.com/personal/_Insurance/building_contents_insurance/important-imformation.html,<Response [200]>,1.85395
https://personal.natwest.com/personal/_Insurance/building_contents_insurance/important-imformation/get-a-new-quote-option.html,<Response [200]>,1.43826
https://personal.natwest.com/personal/_Insurance/building_contents_insurance/get-a-new-quote-option.html,<Response [404]>,1.084173
https://personal.natwest.com/personal/_Insurance/contents_insurance/retrieve-a-quote.html,<Response [200]>,1.507304
https://personal.rbs.co.uk/personal/personal-loans.html,<Response [404]>,1.043726
https://personal.rbs.co.uk/personal/current_accounts.html,<Response [200]>,1.96446
https://personal.rbs.co.uk/personal/how-we-use-your-information.html,<Response [200]>,1.51154
https://personal.rbs.co.uk/personal/do-we-know-u.html,<Response [404]>,1.055301
https://personal.rbs.co.uk/personal/loans0.html,<Response [404]>,1.115463
https://personal.rbs.co.uk/personal/_Insurance/renters_contents_insurance/retrieve-a-quote.html,<Response [200]>,0.901981
https://personal.rbs.co.uk/personal/_Insurance/renters_contents_insurance.html,<Response [200]>,0.908314
https://personal.rbs.co.uk/personal/_Insurance/renters_contents_insurance/important-imformation.html,<Response [200]>,1.564576
https://personal.rbs.co.uk/personal/_Insurance/renters_contents_insurance/important-imformation/get-a-new-quote-option.html,<Response [200]>,1.340905
https://personal.rbs.co.uk/personal/_Insurance/renters_contents_insurance/get-a-new-quote-option.html,<Response [404]>,1.098373
https://personal.rbs.co.uk/personal/_Insurance.html,<Response [200]>,1.884812
https://personal.rbs.co.uk/personal/_Insurance/building_insurance/retrieve-a-quote.html,<Response [200]>,1.358109
https://personal.rbs.co.uk/personal/_Insurance/building_insurance.html,<Response [200]>,0.910692
https://personal.rbs.co.uk/personal/_Insurance/building_insurance/get-a-new-quote-option1.html,<Response [404]>,1.03002
https://personal.rbs.co.uk/personal/_Insurance/building_insurance/important-imformation.html,<Response [200]>,1.634005
https://personal.rbs.co.uk/personal/_Insurance/building_insurance/important-imformation/get-a-new-quote-option.html,<Response [200]>,1.456745
https://personal.rbs.co.uk/personal/_Insurance/building_contents_insurance/retrieve-a-quote.html,<Response [200]>,1.503931
https://personal.rbs.co.uk/personal/_Insurance/building_contents_insurance.html,<Response [200]>,0.95201
https://personal.rbs.co.uk/personal/_Insurance/building_contents_insurance/get-a-new-quote-option1.html,<Response [404]>,1.05841
https://personal.rbs.co.uk/personal/_Insurance/building_contents_insurance/important-imformation.html,<Response [200]>,0.90138
https://personal.rbs.co.uk/personal/credit_cards/the_natwest_credit_card.html,<Response [404]>,1.046557
https://www.business.rbs.co.uk/business/business-banking/how-we-use-your-information.html,<Response [200]>,0.925596
https://www.business.rbs.co.uk/business/business-banking/business-tools/pentest/eligibilityCheckTool.html,<Response [200]>,2.793045
https://www.business.rbs.co.uk/business/business-banking/business-tools/pentest/sbltooltest.html,<Response [200]>,1.404403
https://www.business.rbs.co.uk/business/business-banking/business-tools/pentest/odtooltest.html,<Response [200]>,1.330775
https://www.business.rbs.co.uk/business/business-banking/business-tools/pentest.html,<Response [404]>,1.008184
https://www.business.rbs.co.uk/business/business-banking/business-tools/eligibility-check1.html,<Response [404]>,1.088069
https://www.business.rbs.co.uk/business/business-banking/business-tools.html,<Response [200]>,1.299315
https://www.business.rbs.co.uk/business/business-banking/business-tools/eligibility-check.html,<Response [200]>,1.858664
https://www.business.rbs.co.uk/business/business-banking/business-lending/fixed-rate-loan/i-have-a-relationship-manager.html,<Response [200]>,1.39204
https://www.business.rbs.co.uk/business/business-banking/business-lending/fixed-rate-loan/do-you-have-a-relationship-manager.html,<Response [200]>,2.790117
https://www.business.rbs.co.uk/business/business-banking/business-lending/fixed-rate-loan/ntb-entity-types.html,<Response [200]>,2.712292
https://www.business.rbs.co.uk/business/business-banking/business-lending/fixed-rate-loan.html,<Response [200]>,0.88805
https://www.business.rbs.co.uk/business/business-banking/business-lending/fixed-rate-loan/etb-journeys-no-olb/llp-etb-what-you-need-to-apply.html,<Response [200]>,1.620213
https://www.business.rbs.co.uk/business/business-banking/business-lending/fixed-rate-loan/etb-journeys-no-olb/llp-etb-start-app-call-us.html,<Response [404]>,1.114469
https://www.business.natwest.com/business/business-banking/business-bank-accounts/business-bank-account/application-out-of-hours-ltd-llp.html,<Response [200]>,1.438671
https://www.business.natwest.com/business/business-banking/business-bank-accounts/business-bank-account/application-unavailable.html,<Response [200]>,0.912122
https://www.business.natwest.com/business/business-banking/business-bank-accounts/business-bank-account/complete-app-entity-type.html,<Response [200]>,1.858362
https://www.business.natwest.com/business/business-banking/business-bank-accounts/business-bank-account/complete-do-you-have-your-details-ready.html,<Response [200]>,1.513293
https://www.business.natwest.com/business/business-banking/business-bank-accounts/business-bank-account/continue-with-application-ltd-llp.html,<Response [200]>,0.894332
https://www.business.natwest.com/business/business-banking/business-bank-accounts/business-bank-account/continue-with-application-st-pt.html,<Response [200]>,1.372015
https://www.business.natwest.com/business/business-banking/business-bank-accounts/business-bank-account/do-you-have-a-relationship-manager.html,<Response [200]>,1.4942
https://www.business.natwest.com/business/business-banking/business-bank-accounts/business-bank-account/etb-for-new-or-existing-business.html,<Response [200]>,3.036455
https://www.business.natwest.com/business/business-banking/business-bank-accounts/business-bank-account/etb-nb-entity-type.html,<Response [200]>,3.30424
https://www.business.natwest.com/business/business-banking/business-bank-accounts/business-bank-account/etb-nb-entity-type/llp-ntb-legal-stuff.html,<Response [200]>,1.761297
https://www.business.natwest.com/business/business-banking/business-bank-accounts/business-bank-account/etb-nb-entity-type/llp-ntb-what-you-need-to-apply.html,<Response [200]>,2.177758
https://www.business.natwest.com/business/business-banking/business-bank-accounts/business-bank-account/etb-nb-entity-type/ltd-ntb-legal-stuff.html,<Response [200]>,1.765059
https://www.business.natwest.com/business/business-banking/business-bank-accounts/business-bank-account/etb-nb-entity-type/ltd-ntb-what-you-need-to-apply.html,<Response [200]>,1.75935
https://www.business.natwest.com/business/business-banking/business-bank-accounts/business-bank-account/etb-nb-entity-type/pt-ntb-legal-stuff.html,<Response [200]>,1.803006
https://www.business.natwest.com/business/business-banking/business-bank-accounts/business-bank-account/etb-nb-entity-type/pt-ntb-what-you-need-to-apply.html,<Response [200]>,1.604185
https://personal.natwest.com/personal/current_accounts.html,<Response [200]>,1.136736
https://personal.natwest.com/personal/_Insurance/renters_contents_insurance/retrieve-a-quote.html,<Response [200]>,0.891446
https://personal.natwest.com/personal/_Insurance/renters_contents_insurance.html,<Response [200]>,0.891666
https://personal.natwest.com/personal/_Insurance/renters_contents_insurance/important-imformation/get-a-new-quote.html,<Response [200]>,0.892144
https://personal.natwest.com/personal/_Insurance/renters_contents_insurance/important-imformation.html,<Response [200]>,0.883261
https://personal.natwest.com/personal/_Insurance/renters_contents_insurance/get-a-new-quote-option.html,<Response [404]>,1.013433
https://personal.natwest.com/personal/_Insurance.html,<Response [200]>,0.900269
https://personal.natwest.com/personal/_Insurance/building_insurance/retrieve-a-quote.html,<Response [200]>,1.524806
https://personal.natwest.com/personal/_Insurance/building_insurance.html,<Response [200]>,0.89556
https://personal.natwest.com/personal/_Insurance/building_insurance/get-a-new-quote-option1.html,<Response [404]>,1.047984
https://personal.natwest.com/personal/_Insurance/building_insurance/important-imformation/get-a-new-quote.html,<Response [200]>,1.532092
https://personal.natwest.com/personal/_Insurance/building_insurance/important-imformation.html,<Response [200]>,1.992471
https://personal.natwest.com/personal/_Insurance/building_insurance/get-a-new-quote-option.html,<Response [404]>,1.120512
https://personal.natwest.com/personal/_Insurance/building_contents_insurance/retrieve-a-quote.html,<Response [200]>,1.534666
https://personal.natwest.com/personal/_Insurance/building_contents_insurance.html,<Response [200]>,0.896157
https://personal.natwest.com/personal/_Insurance/building_contents_insurance/get-a-new-quote-option1.html,<Response [404]>,1.059791
https://www.business.natwest.com/business/business-banking/business-bank-accounts/business-bank-account/application-out-of-hours-ltd-llp.html;,<Response [404]>,1.059101
https://personal.natwest.com/personal/_Insurance/building_contents_insurance/important-imformation.html,<Response [200]>,1.74608
https://www.business.natwest.com/business/business-banking/business-bank-accounts/business-bank-account/application-unavailable.html;,<Response [404]>,0.90623
https://personal.natwest.com/personal/_Insurance/building_contents_insurance/important-imformation/get-a-new-quote-option.html,<Response [200]>,1.704431
https://www.business.natwest.com/business/business-banking/business-bank-accounts/business-bank-account/complete-app-entity-type.html;,<Response [404]>,0.897071
https://personal.natwest.com/personal/_Insurance/building_contents_insurance/get-a-new-quote-option.html,<Response [404]>,1.072284
tails-ready.html;,<Response [404]>,0.904139
https://www.business.natwest.com/business/business-banking/business-bank-accounts/business-bank-account/continue-with-application-ltd-llp.html;,<Response [404]>,0.892582
https://personal.natwest.com/personal/_Insurance/contents_insurance/retrieve-a-quote.html,<Response [200]>,0.886579
https://www.business.natwest.com/business/business-banking/business-bank-accounts/business-bank-account/continue-with-application-st-pt.html;,<Response [404]>,1.010881
https://personal.rbs.co.uk/personal/personal-loans.html,<Response [404]>,1.373272
https://www.business.natwest.com/business/business-banking/business-bank-accounts/business-bank-account/do-you-have-a-relationship-manager.html;,<Response [404]>,0.899676
https://www.business.natwest.com/business/business-banking/business-bank-accounts/business-bank-account/etb-for-new-or-existing-business.html;,<Response [404]>,0.892259
https://www.business.natwest.com/business/business-banking/business-bank-accounts/business-bank-account/etb-nb-entity-type.html;,<Response [404]>,1.014306
https://personal.rbs.co.uk/personal/current_accounts.html,<Response [200]>,2.152497
https://www.business.natwest.com/business/business-banking/business-bank-accounts/business-bank-account/etb-nb-entity-type/llp-ntb-legal-stuff.html;,<Response [404]>,0.914939
https://www.business.natwest.com/business/business-banking/business-bank-accounts/business-bank-account/etb-nb-entity-type/llp-ntb-what-you-need-to-apply.html;,<Response [404]>,0.904827
https://personal.rbs.co.uk/personal/how-we-use-your-information.html,<Response [200]>,1.421353
https://www.business.natwest.com/business/business-banking/business-bank-accounts/business-bank-account/etb-nb-entity-type/ltd-ntb-legal-stuff.html;,<Response [404]>,1.049798
https://www.business.natwest.com/business/business-banking/business-bank-accounts/business-bank-account/etb-nb-entity-type/ltd-ntb-what-you-need-to-apply.html;,<Response [404]>,0.904237
https://personal.rbs.co.uk/personal/do-we-know-u.html,<Response [404]>,1.738024
https://www.business.natwest.com/business/business-banking/business-bank-accounts/business-bank-account/etb-nb-entity-type/pt-ntb-legal-stuff.html;,<Response [404]>,0.893228
https://personal.rbs.co.uk/personal/loans0.html,<Response [404]>,1.024202
https://www.business.natwest.com/business/business-banking/business-bank-accounts/business-bank-account/etb-nb-entity-type/pt-ntb-what-you-need-to-apply.html;,<Response [404]>,0.897578
https://personal.rbs.co.uk/personal/_Insurance/renters_contents_insurance/retrieve-a-quote.html,<Response [200]>,0.900687
https://personal.natwest.com/personal/current_accounts.html;,<Response [404]>,0.886583
https://personal.natwest.com/personal/_Insurance/renters_contents_insurance/retrieve-a-quote.html;,<Response [404]>,0.892093
https://personal.rbs.co.uk/personal/_Insurance/renters_contents_insurance.html,<Response [200]>,0.905005
https://personal.natwest.com/personal/_Insurance/renters_contents_insurance.html;,<Response [404]>,0.884558
https://personal.rbs.co.uk/personal/_Insurance/renters_contents_insurance/important-imformation.html,<Response [200]>,1.660878
https://personal.natwest.com/personal/_Insurance/renters_contents_insurance/important-imformation/get-a-new-quote.html;,<Response [404]>,1.186006
https://personal.natwest.com/personal/_Insurance/renters_contents_insurance/important-imformation.html;,<Response [404]>,0.877596
https://personal.rbs.co.uk/personal/_Insurance/renters_contents_insurance/important-imformation/get-a-new-quote-option.html,<Response [200]>,1.467044
https://personal.natwest.com/personal/_Insurance/renters_contents_insurance/get-a-new-quote-option.html;,<Response [404]>,0.882509
https://personal.rbs.co.uk/personal/_Insurance/renters_contents_insurance/get-a-new-quote-option.html,<Response [404]>,1.119157
https://personal.natwest.com/personal/_Insurance.html;,<Response [404]>,0.983256
https://personal.natwest.com/personal/_Insurance/building_insurance/retrieve-a-quote.html;,<Response [404]>,0.965396
https://personal.rbs.co.uk/personal/_Insurance.html,<Response [200]>,1.73324
https://personal.natwest.com/personal/_Insurance/building_insurance.html;,<Response [404]>,0.883248
https://personal.rbs.co.uk/personal/_Insurance/building_insurance/retrieve-a-quote.html,<Response [200]>,0.911326
https://personal.natwest.com/personal/_Insurance/building_insurance/get-a-new-quote-option1.html;,<Response [404]>,1.320848
https://personal.rbs.co.uk/personal/_Insurance/building_insurance.html,<Response [200]>,0.933699
https://personal.natwest.com/personal/_Insurance/building_insurance/important-imformation/get-a-new-quote.html;,<Response [404]>,0.892217
https://personal.natwest.com/personal/_Insurance/building_insurance/important-imformation.html;,<Response [404]>,0.88728
https://personal.rbs.co.uk/personal/_Insurance/building_insurance/get-a-new-quote-option1.html,<Response [404]>,1.031183
https://personal.natwest.com/personal/_Insurance/building_insurance/get-a-new-quote-option.html;,<Response [404]>,0.880248
https://personal.natwest.com/personal/_Insurance/building_contents_insurance/retrieve-a-quote.html;,<Response [404]>,0.890249
https://personal.rbs.co.uk/personal/_Insurance/building_insurance/important-imformation.html,<Response [200]>,1.613639
https://personal.natwest.com/personal/_Insurance/building_contents_insurance.html;,<Response [404]>,0.8754
https://personal.rbs.co.uk/personal/_Insurance/building_insurance/important-imformation/get-a-new-quote-option.html,<Response [200]>,1.545119
https://personal.natwest.com/personal/_Insurance/building_contents_insurance/get-a-new-quote-option1.html;,<Response [404]>,0.896689
https://personal.natwest.com/personal/_Insurance/building_contents_insurance/important-imformation.html;,<Response [404]>,0.885289
https://personal.rbs.co.uk/personal/_Insurance/building_contents_insurance/retrieve-a-quote.html,<Response [200]>,1.414851
https://personal.natwest.com/personal/_Insurance/building_contents_insurance/important-imformation/get-a-new-quote-option.html;,<Response [404]>,0.876477
https://personal.rbs.co.uk/personal/_Insurance/building_contents_insurance.html,<Response [200]>,0.908331
https://personal.natwest.com/personal/_Insurance/building_contents_insurance/get-a-new-quote-option.html;,<Response [404]>,0.893498
https://personal.natwest.com/personal/_Insurance/contents_insurance/retrieve-a-quote.html;,<Response [404]>,0.876044
https://personal.rbs.co.uk/personal/_Insurance/building_contents_insurance/get-a-new-quote-option1.html,<Response [404]>,1.065467
https://personal.rbs.co.uk/personal/personal-loans.html;,<Response [404]>,0.893504
https://personal.rbs.co.uk/personal/_Insurance/building_contents_insurance/important-imformation.html,<Response [200]>,1.58316
https://personal.rbs.co.uk/personal/current_accounts.html;,<Response [404]>,1.155033
https://personal.rbs.co.uk/personal/credit_cards/the_natwest_credit_card.html,<Response [404]>,1.102201
https://personal.rbs.co.uk/personal/how-we-use-your-information.html;,<Response [404]>,1.413961
https://personal.rbs.co.uk/personal/do-we-know-u.html;,<Response [404]>,1.026313
https://www.business.rbs.co.uk/business/business-banking/how-we-use-your-information.html,<Response [200]>,1.080516
https://personal.rbs.co.uk/personal/loans0.html;,<Response [404]>,1.001431
https://personal.rbs.co.uk/personal/_Insurance/renters_contents_insurance/retrieve-a-quote.html;,<Response [404]>,0.897012
https://personal.rbs.co.uk/personal/_Insurance/renters_contents_insurance.html;,<Response [404]>,0.981953
https://personal.rbs.co.uk/personal/_Insurance/renters_contents_insurance/important-imformation.html;,<Response [404]>,0.898099
https://www.business.rbs.co.uk/business/business-banking/business-tools/pentest/eligibilityCheckTool.html,<Response [200]>,3.172433
https://personal.rbs.co.uk/personal/_Insurance/renters_contents_insurance/important-imformation/get-a-new-quote-option.html;,<Response [404]>,1.032944
https://personal.rbs.co.uk/personal/_Insurance/renters_contents_insurance/get-a-new-quote-option.html;,<Response [404]>,1.054492
https://personal.rbs.co.uk/personal/_Insurance.html;,<Response [404]>,0.892214
https://www.business.rbs.co.uk/business/business-banking/business-tools/pentest/odtooltest.html,<Response [200]>,1.461618
https://personal.rbs.co.uk/personal/_Insurance/building_insurance/retrieve-a-quote.html;,<Response [404]>,0.893006
https://www.business.rbs.co.uk/business/business-banking/business-tools/pentest.html,<Response [404]>,0.987252
https://personal.rbs.co.uk/personal/_Insurance/building_insurance.html;,<Response [404]>,0.927272
https://personal.rbs.co.uk/personal/_Insurance/building_insurance/get-a-new-quote-option1.html;,<Response [404]>,0.914281
https://www.business.rbs.co.uk/business/business-banking/business-tools/eligibility-check1.html,<Response [404]>,1.150478
https://personal.rbs.co.uk/personal/_Insurance/building_insurance/important-imformation.html;,<Response [404]>,0.905551
https://personal.rbs.co.uk/personal/_Insurance/building_insurance/important-imformation/get-a-new-quote-option.html;,<Response [404]>,0.899176
https://www.business.rbs.co.uk/business/business-banking/business-tools.html,<Response [200]>,1.47718
onse [404]>,0.917471
https://personal.rbs.co.uk/personal/_Insurance/building_contents_insurance.html;,<Response [404]>,0.900261
https://personal.rbs.co.uk/personal/_Insurance/building_contents_insurance/get-a-new-quote-option1.html;,<Response [404]>,1.080925
https://personal.rbs.co.uk/personal/_Insurance/building_contents_insurance/important-imformation.html;,<Response [404]>,0.916284
https://www.business.rbs.co.uk/business/business-banking/business-tools/eligibility-check.html,<Response [200]>,1.807953
https://personal.rbs.co.uk/personal/credit_cards/the_natwest_credit_card.html;,<Response [404]>,1.062259
https://www.business.rbs.co.uk/business/business-banking/business-lending/fixed-rate-loan/i-have-a-relationship-manager.html,<Response [200]>,1.252144
https://www.business.rbs.co.uk/business/business-banking/how-we-use-your-information.html;,<Response [404]>,0.900402
https://www.business.rbs.co.uk/business/business-banking/business-tools/pentest/eligibilityCheckTool.html;,<Response [404]>,1.02032
https://www.business.rbs.co.uk/business/business-banking/business-tools/pentest/sbltooltest.html;,<Response [404]>,1.043784
https://www.business.rbs.co.uk/business/business-banking/business-tools/pentest/odtooltest.html;,<Response [404]>,1.008572
https://www.business.rbs.co.uk/business/business-banking/business-lending/fixed-rate-loan/do-you-have-a-relationship-manager.html,<Response [200]>,3.240783
https://www.business.rbs.co.uk/business/business-banking/business-tools/pentest.html;,<Response [404]>,0.917149
https://www.business.rbs.co.uk/business/business-banking/business-tools/eligibility-check1.html;,<Response [404]>,1.007119
https://www.business.rbs.co.uk/business/business-banking/business-tools.html;,<Response [404]>,1.004735
https://www.business.rbs.co.uk/business/business-banking/business-lending/fixed-rate-loan/ntb-entity-types.html,<Response [200]>,2.709179
https://www.business.rbs.co.uk/business/business-banking/business-tools/eligibility-check.html;,<Response [404]>,1.23682
https://www.business.rbs.co.uk/business/business-banking/business-lending/fixed-rate-loan/i-have-a-relationship-manager.html;,<Response [404]>,1.028323
https://www.business.rbs.co.uk/business/business-banking/business-lending/fixed-rate-loan.html,<Response [200]>,0.900363
https://www.business.rbs.co.uk/business/business-banking/business-lending/fixed-rate-loan/do-you-have-a-relationship-manager.html;,<Response [404]>,0.894507
https://www.business.rbs.co.uk/business/business-banking/business-lending/fixed-rate-loan/ntb-entity-types.html;,<Response [404]>,0.892428
https://www.business.rbs.co.uk/business/business-banking/business-lending/fixed-rate-loan/etb-journeys-no-olb/llp-etb-what-you-need-to-apply.html,<Response [200]>,1.563608
https://www.business.rbs.co.uk/business/business-banking/business-lending/fixed-rate-loan.html;,<Response [404]>,1.001176
https://www.business.rbs.co.uk/business/business-banking/business-lending/fixed-rate-loan/etb-journeys-no-olb/llp-etb-start-app-call-us.html,<Response [404]>,1.072617
https://www.business.rbs.co.uk/business/business-banking/business-lending/fixed-rate-loan/etb-journeys-no-olb/llp-etb-what-you-need-to-apply.html;,<Response [404]>,0.909182
https://www.business.rbs.co.uk/business/business-banking/business-lending/fixed-rate-loan/etb-journeys-no-olb/llp-etb-start-app-call-us.html;,<Response [404]>,0.997257
https://www.business.natwest.com/business/business-banking/business-bank-accounts/business-bank-account/application-out-of-hours-ltd-llp.html;,<Response [404]>,1.245
https://www.business.natwest.com/business/business-banking/business-bank-accounts/business-bank-account/application-unavailable.html;,<Response [404]>,1.317944
https://www.business.natwest.com/business/business-banking/business-bank-accounts/business-bank-account/complete-app-entity-type.html;,<Response [404]>,1.070787
https://www.business.natwest.com/business/business-banking/business-bank-accounts/business-bank-account/complete-do-you-have-your-details-ready.html;,<Response [404]>,0.910896
https://www.business.natwest.com/business/business-banking/business-bank-accounts/business-bank-account/continue-with-application-ltd-llp.html;,<Response [404]>,0.921561
https://www.business.natwest.com/business/business-banking/business-bank-accounts/business-bank-account/continue-with-application-st-pt.html;,<Response [404]>,0.942588
https://www.business.natwest.com/business/business-banking/business-bank-accounts/business-bank-account/do-you-have-a-relationship-manager.html;,<Response [404]>,0.912378
https://www.business.natwest.com/business/business-banking/business-bank-accounts/business-bank-account/etb-for-new-or-existing-business.html;,<Response [404]>,1.040461
https://www.business.natwest.com/business/business-banking/business-bank-accounts/business-bank-account/etb-nb-entity-type.html;,<Response [404]>,1.039665
https://www.business.natwest.com/business/business-banking/business-bank-accounts/business-bank-account/etb-nb-entity-type/llp-ntb-legal-stuff.html;,<Response [404]>,1.116751
https://www.business.natwest.com/business/business-banking/business-bank-accounts/business-bank-account/etb-nb-entity-type/llp-ntb-what-you-need-to-apply.html;,<Response [404]>,0.901945
https://www.business.natwest.com/business/business-banking/business-bank-accounts/business-bank-account/etb-nb-entity-type/ltd-ntb-legal-stuff.html;,<Response [404]>,0.998844
https://www.business.natwest.com/business/business-banking/business-bank-accounts/business-bank-account/etb-nb-entity-type/ltd-ntb-what-you-need-to-apply.html;,<Response [404]>,0.910377
https://www.business.natwest.com/business/business-banking/business-bank-accounts/business-bank-account/etb-nb-entity-type/pt-ntb-legal-stuff.html;,<Response [404]>,0.901792
https://www.business.natwest.com/business/business-banking/business-bank-accounts/business-bank-account/etb-nb-entity-type/pt-ntb-what-you-need-to-apply.html;,<Response [404]>,0.902228
https://personal.natwest.com/personal/current_accounts.html;,<Response [404]>,0.918522
https://personal.natwest.com/personal/_Insurance/renters_contents_insurance/retrieve-a-quote.html;,<Response [404]>,0.887065
https://personal.natwest.com/personal/_Insurance/renters_contents_insurance.html;,<Response [404]>,0.888783
https://personal.natwest.com/personal/_Insurance/renters_contents_insurance/important-imformation/get-a-new-quote.html;,<Response [404]>,0.972485
https://personal.natwest.com/personal/_Insurance/renters_contents_insurance/important-imformation.html;,<Response [404]>,0.887787
https://personal.natwest.com/personal/_Insurance/renters_contents_insurance/get-a-new-quote-option.html;,<Response [404]>,1.111971
https://personal.natwest.com/personal/_Insurance.html;,<Response [404]>,1.037748
https://personal.natwest.com/personal/_Insurance/building_insurance/retrieve-a-quote.html;,<Response [404]>,0.875951
https://personal.natwest.com/personal/_Insurance/building_insurance.html;,<Response [404]>,0.879374
https://personal.natwest.com/personal/_Insurance/building_insurance/get-a-new-quote-option1.html;,<Response [404]>,1.047571
https://personal.natwest.com/personal/_Insurance/building_insurance/important-imformation/get-a-new-quote.html;,<Response [404]>,1.052249
https://personal.natwest.com/personal/_Insurance/building_insurance/important-imformation.html;,<Response [404]>,1.058713
https://personal.natwest.com/personal/_Insurance/building_insurance/get-a-new-quote-option.html;,<Response [404]>,1.043526
https://personal.natwest.com/personal/_Insurance/building_contents_insurance/retrieve-a-quote.html;,<Response [404]>,0.881138
https://personal.natwest.com/personal/_Insurance/building_contents_insurance.html;,<Response [404]>,1.045121
https://personal.natwest.com/personal/_Insurance/building_contents_insurance/get-a-new-quote-option1.html;,<Response [404]>,1.046111
https://personal.natwest.com/personal/_Insurance/building_contents_insurance/important-imformation.html;,<Response [404]>,0.878898
https://personal.natwest.com/personal/_Insurance/building_contents_insurance/important-imformation/get-a-new-quote-option.html;,<Response [404]>,0.993174
https://personal.natwest.com/personal/_Insurance/building_contents_insurance/get-a-new-quote-option.html;,<Response [404]>,1.063312
https://personal.natwest.com/personal/_Insurance/contents_insurance/retrieve-a-quote.html;,<Response [404]>,1.056375
https://personal.rbs.co.uk/personal/personal-loans.html;,<Response [404]>,0.996605
https://personal.rbs.co.uk/personal/current_accounts.html;,<Response [404]>,1.066047
https://personal.rbs.co.uk/personal/how-we-use-your-information.html;,<Response [404]>,1.068365
https://personal.rbs.co.uk/personal/do-we-know-u.html;,<Response [404]>,0.893369
https://personal.rbs.co.uk/personal/loans0.html;,<Response [404]>,0.907589
https://personal.rbs.co.uk/personal/_Insurance/renters_contents_insurance/retrieve-a-quote.html;,<Response [404]>,0.901291
https://personal.rbs.co.uk/personal/_Insurance/renters_contents_insurance.html;,<Response [404]>,0.901913
https://personal.rbs.co.uk/personal/_Insurance/renters_contents_insurance/important-imformation.html;,<Response [404]>,0.905138
https://personal.rbs.co.uk/personal/_Insurance/renters_contents_insurance/important-imformation/get-a-new-quote-option.html;,<Response [404]>,0.917583
https://personal.rbs.co.uk/personal/_Insurance/renters_contents_insurance/get-a-new-quote-option.html;,<Response [404]>,0.924891
https://personal.rbs.co.uk/personal/_Insurance.html;,<Response [404]>,1.123506
https://personal.rbs.co.uk/personal/_Insurance/building_insurance/retrieve-a-quote.html;,<Response [404]>,1.057594
https://personal.rbs.co.uk/personal/_Insurance/building_insurance.html;,<Response [404]>,0.920108
https://personal.rbs.co.uk/personal/_Insurance/building_insurance/get-a-new-quote-option1.html;,<Response [404]>,0.905099
https://personal.rbs.co.uk/personal/_Insurance/building_insurance/important-imformation.html;,<Response [404]>,1.072289
https://personal.rbs.co.uk/personal/_Insurance/building_insurance/important-imformation/get-a-new-quote-option.html;,<Response [404]>,0.899218
https://personal.rbs.co.uk/personal/_Insurance/building_contents_insurance/retrieve-a-quote.html;,<Response [404]>,0.907503
https://personal.rbs.co.uk/personal/_Insurance/building_contents_insurance.html;,<Response [404]>,0.907549
https://personal.rbs.co.uk/personal/_Insurance/building_contents_insurance/get-a-new-quote-option1.html;,<Response [404]>,0.996471
https://personal.rbs.co.uk/personal/_Insurance/building_contents_insurance/important-imformation.html;,<Response [404]>,0.905605
https://personal.rbs.co.uk/personal/credit_cards/the_natwest_credit_card.html;,<Response [404]>,0.916638
https://www.business.rbs.co.uk/business/business-banking/how-we-use-your-information.html;,<Response [404]>,1.027591
https://www.business.rbs.co.uk/business/business-banking/business-tools/pentest/eligibilityCheckTool.html;,<Response [404]>,1.080355
https://www.business.rbs.co.uk/business/business-banking/business-tools/pentest/sbltooltest.html;,<Response [404]>,1.070774
https://www.business.rbs.co.uk/business/business-banking/business-tools/pentest/odtooltest.html;,<Response [404]>,1.067116
https://www.business.rbs.co.uk/business/business-banking/business-tools/pentest.html;,<Response [404]>,1.035075
https://www.business.rbs.co.uk/business/business-banking/business-tools/eligibility-check1.html;,<Response [404]>,1.065548
https://www.business.rbs.co.uk/business/business-banking/business-tools.html;,<Response [404]>,1.072155
https://www.business.rbs.co.uk/business/business-banking/business-tools/eligibility-check.html;,<Response [404]>,1.156833
https://www.business.rbs.co.uk/business/business-banking/business-lending/fixed-rate-loan/i-have-a-relationship-manager.html;,<Response [404]>,1.011165
https://www.business.rbs.co.uk/business/business-banking/business-lending/fixed-rate-loan/do-you-have-a-relationship-manager.html;,<Response [404]>,3.040768
https://www.business.rbs.co.uk/business/business-banking/business-lending/fixed-rate-loan/ntb-entity-types.html;,<Response [404]>,0.911323
https://www.business.rbs.co.uk/business/business-banking/business-lending/fixed-rate-loan.html;,<Response [404]>,0.900173
https://www.business.rbs.co.uk/business/business-banking/business-lending/fixed-rate-loan/etb-journeys-no-olb/llp-etb-what-you-need-to-apply.html;,<Response [404]>,1.149395
https://www.business.rbs.co.uk/business/business-banking/business-lending/fixed-rate-loan/etb-journeys-no-olb/llp-etb-start-app-call-us.html;,<Response [404]>,0.922544
https://www.business.natwest.com/business/business-banking/business-bank-accounts/business-bank-account/application-out-of-hours-ltd-llp.html;,<Response [404]>,1.23707
https://www.business.natwest.com/business/business-banking/business-bank-accounts/business-bank-account/application-unavailable.html;,<Response [404]>,1.072967
https://www.business.natwest.com/business/business-banking/business-bank-accounts/business-bank-account/complete-app-entity-type.html;,<Response [404]>,0.92663
https://www.business.natwest.com/business/business-banking/business-bank-accounts/business-bank-account/complete-do-you-have-your-details-ready.html;,<Response [404]>,0.911035
https://www.business.natwest.com/business/business-banking/business-bank-accounts/business-bank-account/continue-with-application-ltd-llp.html;,<Response [404]>,0.917701
https://www.business.natwest.com/business/business-banking/business-bank-accounts/business-bank-account/continue-with-application-st-pt.html;,<Response [404]>,1.214698
https://www.business.natwest.com/business/business-banking/business-bank-accounts/business-bank-account/do-you-have-a-relationship-manager.html;,<Response [404]>,0.952348
https://www.business.natwest.com/business/business-banking/business-bank-accounts/business-bank-account/etb-for-new-or-existing-business.html;,<Response [404]>,1.095752
https://www.business.natwest.com/business/business-banking/business-bank-accounts/business-bank-account/etb-nb-entity-type.html;,<Response [404]>,1.029463
https://www.business.natwest.com/business/business-banking/business-bank-accounts/business-bank-account/etb-nb-entity-type/llp-ntb-legal-stuff.html;,<Response [404]>,0.939463
https://www.business.natwest.com/business/business-banking/business-bank-accounts/business-bank-account/etb-nb-entity-type/llp-ntb-what-you-need-to-apply.html;,<Response [404]>,1.10161
https://www.business.natwest.com/business/business-banking/business-bank-accounts/business-bank-account/etb-nb-entity-type/ltd-ntb-legal-stuff.html;,<Response [404]>,0.947272
https://www.business.natwest.com/business/business-banking/business-bank-accounts/business-bank-account/etb-nb-entity-type/ltd-ntb-what-you-need-to-apply.html;,<Response [404]>,1.121305
https://www.business.natwest.com/business/business-banking/business-bank-accounts/business-bank-account/etb-nb-entity-type/pt-ntb-legal-stuff.html;,<Response [404]>,0.922048
https://www.business.natwest.com/business/business-banking/business-bank-accounts/business-bank-account/etb-nb-entity-type/pt-ntb-what-you-need-to-apply.html;,<Response [404]>,1.355339
https://personal.natwest.com/personal/current_accounts.html;,<Response [404]>,1.025715
https://personal.natwest.com/personal/_Insurance/renters_contents_insurance/retrieve-a-quote.html;,<Response [404]>,1.064991
https://personal.natwest.com/personal/_Insurance/renters_contents_insurance.html;,<Response [404]>,0.909732
https://personal.natwest.com/personal/_Insurance/renters_contents_insurance/important-imformation/get-a-new-quote.html;,<Response [404]>,0.911766
https://personal.natwest.com/personal/_Insurance/renters_contents_insurance/important-imformation.html;,<Response [404]>,0.892939
https://personal.natwest.com/personal/_Insurance/renters_contents_insurance/get-a-new-quote-option.html;,<Response [404]>,0.934056
https://personal.natwest.com/personal/_Insurance.html;,<Response [404]>,0.887782
https://personal.natwest.com/personal/_Insurance/building_insurance/retrieve-a-quote.html;,<Response [404]>,0.908817
https://personal.natwest.com/personal/_Insurance/building_insurance.html;,<Response [404]>,0.888777
https://personal.natwest.com/personal/_Insurance/building_insurance/get-a-new-quote-option1.html;,<Response [404]>,0.892888
https://personal.natwest.com/personal/_Insurance/building_insurance/important-imformation/get-a-new-quote.html;,<Response [404]>,0.91884
https://personal.natwest.com/personal/_Insurance/building_insurance/important-imformation.html;,<Response [404]>,0.896729
https://personal.natwest.com/personal/_Insurance/building_insurance/get-a-new-quote-option.html;,<Response [404]>,0.963783
https://personal.natwest.com/personal/_Insurance/building_contents_insurance/retrieve-a-quote.html;,<Response [404]>,0.900624
https://personal.natwest.com/personal/_Insurance/building_contents_insurance.html;,<Response [404]>,0.897907
https://personal.natwest.com/personal/_Insurance/building_contents_insurance/get-a-new-quote-option1.html;,<Response [404]>,0.911895
https://personal.natwest.com/personal/_Insurance/building_contents_insurance/important-imformation.html;,<Response [404]>,1.040372
https://personal.natwest.com/personal/_Insurance/building_contents_insurance/important-imformation/get-a-new-quote-option.html;,<Response [404]>,0.913015
https://personal.natwest.com/personal/_Insurance/building_contents_insurance/get-a-new-quote-option.html;,<Response [404]>,0.8866
https://personal.natwest.com/personal/_Insurance/contents_insurance/retrieve-a-quote.html;,<Response [404]>,0.906131
https://personal.rbs.co.uk/personal/personal-loans.html;,<Response [404]>,1.060866
https://personal.rbs.co.uk/personal/current_accounts.html;,<Response [404]>,1.007223
https://personal.rbs.co.uk/personal/how-we-use-your-information.html;,<Response [404]>,0.933614
https://personal.rbs.co.uk/personal/do-we-know-u.html;,<Response [404]>,1.025371
https://personal.rbs.co.uk/personal/loans0.html;,<Response [404]>,0.911117
https://personal.rbs.co.uk/personal/_Insurance/renters_contents_insurance/retrieve-a-quote.html;,<Response [404]>,1.064591
https://personal.rbs.co.uk/personal/_Insurance/renters_contents_insurance.html;,<Response [404]>,1.035795
https://personal.rbs.co.uk/personal/_Insurance/renters_contents_insurance/important-imformation.html;,<Response [404]>,0.982007
https://personal.rbs.co.uk/personal/_Insurance/renters_contents_insurance/important-imformation/get-a-new-quote-option.html;,<Response [404]>,0.997186
https://personal.rbs.co.uk/personal/_Insurance/renters_contents_insurance/get-a-new-quote-option.html;,<Response [404]>,0.928884
https://personal.rbs.co.uk/personal/_Insurance.html;,<Response [404]>,1.055147
https://personal.rbs.co.uk/personal/_Insurance/building_insurance/retrieve-a-quote.html;,<Response [404]>,0.992489
https://personal.rbs.co.uk/personal/_Insurance/building_insurance.html;,<Response [404]>,0.908313
https://personal.rbs.co.uk/personal/_Insurance/building_insurance/get-a-new-quote-option1.html;,<Response [404]>,1.067898
https://personal.rbs.co.uk/personal/_Insurance/building_insurance/important-imformation.html;,<Response [404]>,1.039307
https://personal.rbs.co.uk/personal/_Insurance/building_insurance/important-imformation/get-a-new-quote-option.html;,<Response [404]>,0.918942
https://personal.rbs.co.uk/personal/_Insurance/building_contents_insurance/retrieve-a-quote.html;,<Response [404]>,0.927671
https://personal.rbs.co.uk/personal/_Insurance/building_contents_insurance.html;,<Response [404]>,1.091682
https://personal.rbs.co.uk/personal/_Insurance/building_contents_insurance/get-a-new-quote-option1.html;,<Response [404]>,0.920954
https://personal.rbs.co.uk/personal/_Insurance/building_contents_insurance/important-imformation.html;,<Response [404]>,0.911671
https://personal.rbs.co.uk/personal/credit_cards/the_natwest_credit_card.html;,<Response [404]>,0.9291
https://www.business.rbs.co.uk/business/business-banking/how-we-use-your-information.html;,<Response [404]>,0.922445
https://www.business.rbs.co.uk/business/business-banking/business-tools/pentest/eligibilityCheckTool.html;,<Response [404]>,0.939663
https://www.business.rbs.co.uk/business/business-banking/business-tools/pentest/sbltooltest.html;,<Response [404]>,1.018668
https://www.business.rbs.co.uk/business/business-banking/business-tools/pentest/odtooltest.html;,<Response [404]>,1.077657
https://www.business.rbs.co.uk/business/business-banking/business-tools/pentest.html;,<Response [404]>,1.028346
https://www.business.rbs.co.uk/business/business-banking/business-tools/eligibility-check1.html;,<Response [404]>,1.079187
https://www.business.rbs.co.uk/business/business-banking/business-tools.html;,<Response [404]>,1.068647
https://www.business.rbs.co.uk/business/business-banking/business-tools/eligibility-check.html;,<Response [404]>,1.18597
https://www.business.rbs.co.uk/business/business-banking/business-lending/fixed-rate-loan/i-have-a-relationship-manager.html;,<Response [404]>,0.92979
https://www.business.rbs.co.uk/business/business-banking/business-lending/fixed-rate-loan/do-you-have-a-relationship-manager.html;,<Response [404]>,1.09297
https://www.business.rbs.co.uk/business/business-banking/business-lending/fixed-rate-loan/ntb-entity-types.html;,<Response [404]>,1.107076
https://www.business.rbs.co.uk/business/business-banking/business-lending/fixed-rate-loan.html;,<Response [404]>,0.915016
https://www.business.rbs.co.uk/business/business-banking/business-lending/fixed-rate-loan/etb-journeys-no-olb/llp-etb-what-you-need-to-apply.html;,<Response [404]>,2.277704
https://www.business.rbs.co.uk/business/business-banking/business-lending/fixed-rate-loan/etb-journeys-no-olb/llp-etb-start-app-call-us.html;,<Response [404]>,1.076933
https://www.business.natwest.com/business/business-banking/business-bank-accounts/business-bank-account/application-out-of-hours-ltd-llp.html;,<Response [404]>,1.217186
https://www.business.natwest.com/business/business-banking/business-bank-accounts/business-bank-account/application-unavailable.html;,<Response [404]>,1.195341
https://www.business.natwest.com/business/business-banking/business-bank-accounts/business-bank-account/complete-app-entity-type.html;,<Response [404]>,0.925701
https://www.business.natwest.com/business/business-banking/business-bank-accounts/business-bank-account/complete-do-you-have-your-details-ready.html;,<Response [404]>,1.088181
https://www.business.natwest.com/business/business-banking/business-bank-accounts/business-bank-account/continue-with-application-ltd-llp.html;,<Response [404]>,1.092147
https://www.business.natwest.com/business/business-banking/business-bank-accounts/business-bank-account/continue-with-application-st-pt.html;,<Response [404]>,1.18504
https://www.business.natwest.com/business/business-banking/business-bank-accounts/business-bank-account/do-you-have-a-relationship-manager.html;,<Response [404]>,0.898053
https://www.business.natwest.com/business/business-banking/business-bank-accounts/business-bank-account/etb-for-new-or-existing-business.html;,<Response [404]>,1.071102
https://www.business.natwest.com/business/business-banking/business-bank-accounts/business-bank-account/etb-nb-entity-type.html;,<Response [404]>,0.917084
https://www.business.natwest.com/business/business-banking/business-bank-accounts/business-bank-account/etb-nb-entity-type/llp-ntb-legal-stuff.html;,<Response [404]>,0.911506
https://www.business.natwest.com/business/business-banking/business-bank-accounts/business-bank-account/etb-nb-entity-type/llp-ntb-what-you-need-to-apply.html;,<Response [404]>,1.032566
https://www.business.natwest.com/business/business-banking/business-bank-accounts/business-bank-account/etb-nb-entity-type/ltd-ntb-legal-stuff.html;,<Response [404]>,1.053355
https://www.business.natwest.com/business/business-banking/business-bank-accounts/business-bank-account/etb-nb-entity-type/ltd-ntb-what-you-need-to-apply.html;,<Response [404]>,0.926664
https://www.business.natwest.com/business/business-banking/business-bank-accounts/business-bank-account/etb-nb-entity-type/pt-ntb-legal-stuff.html;,<Response [404]>,1.07455
https://www.business.natwest.com/business/business-banking/business-bank-accounts/business-bank-account/etb-nb-entity-type/pt-ntb-what-you-need-to-apply.html;,<Response [404]>,0.930112
https://personal.natwest.com/personal/current_accounts.html;,<Response [404]>,0.906858
https://personal.natwest.com/personal/_Insurance/renters_contents_insurance/retrieve-a-quote.html;,<Response [404]>,1.015965
https://personal.natwest.com/personal/_Insurance/renters_contents_insurance.html;,<Response [404]>,1.036512
https://personal.natwest.com/personal/_Insurance/renters_contents_insurance/important-imformation/get-a-new-quote.html;,<Response [404]>,0.909894
https://personal.natwest.com/personal/_Insurance/renters_contents_insurance/important-imformation.html;,<Response [404]>,1.005219
https://personal.natwest.com/personal/_Insurance/renters_contents_insurance/get-a-new-quote-option.html;,<Response [404]>,0.997503
https://personal.natwest.com/personal/_Insurance.html;,<Response [404]>,0.899037
https://personal.natwest.com/personal/_Insurance/building_insurance/retrieve-a-quote.html;,<Response [404]>,1.063217
https://personal.natwest.com/personal/_Insurance/building_insurance.html;,<Response [404]>,0.995731
https://personal.natwest.com/personal/_Insurance/building_insurance/get-a-new-quote-option1.html;,<Response [404]>,0.907927
https://personal.natwest.com/personal/_Insurance/building_insurance/important-imformation/get-a-new-quote.html;,<Response [404]>,0.992221
https://personal.natwest.com/personal/_Insurance/building_insurance/important-imformation.html;,<Response [404]>,0.893563
https://personal.natwest.com/personal/_Insurance/building_insurance/get-a-new-quote-option.html;,<Response [404]>,0.992118
https://personal.natwest.com/personal/_Insurance/building_contents_insurance/retrieve-a-quote.html;,<Response [404]>,1.053841
https://personal.natwest.com/personal/_Insurance/building_contents_insurance.html;,<Response [404]>,0.890894
https://personal.natwest.com/personal/_Insurance/building_contents_insurance/get-a-new-quote-option1.html;,<Response [404]>,0.883011
https://personal.natwest.com/personal/_Insurance/building_contents_insurance/important-imformation.html;,<Response [404]>,0.908008
https://personal.natwest.com/personal/_Insurance/building_contents_insurance/important-imformation/get-a-new-quote-option.html;,<Response [404]>,0.905013
https://personal.natwest.com/personal/_Insurance/building_contents_insurance/get-a-new-quote-option.html;,<Response [404]>,0.883388
https://personal.natwest.com/personal/_Insurance/contents_insurance/retrieve-a-quote.html;,<Response [404]>,0.901019
https://personal.rbs.co.uk/personal/personal-loans.html;,<Response [404]>,1.134009
https://personal.rbs.co.uk/personal/current_accounts.html;,<Response [404]>,0.930915
https://personal.rbs.co.uk/personal/how-we-use-your-information.html;,<Response [404]>,0.902679
https://personal.rbs.co.uk/personal/do-we-know-u.html;,<Response [404]>,0.996447
https://personal.rbs.co.uk/personal/loans0.html;,<Response [404]>,1.080655
https://personal.rbs.co.uk/personal/_Insurance/renters_contents_insurance/retrieve-a-quote.html;,<Response [404]>,1.229655
https://personal.rbs.co.uk/personal/_Insurance/renters_contents_insurance.html;,<Response [404]>,1.041179
https://personal.rbs.co.uk/personal/_Insurance/renters_contents_insurance/important-imformation.html;,<Response [404]>,1.054901
https://personal.rbs.co.uk/personal/_Insurance/renters_contents_insurance/important-imformation/get-a-new-quote-option.html;,<Response [404]>,0.959585
https://personal.rbs.co.uk/personal/_Insurance/renters_contents_insurance/get-a-new-quote-option.html;,<Response [404]>,0.993329
https://personal.rbs.co.uk/personal/_Insurance.html;,<Response [404]>,0.994494
https://personal.rbs.co.uk/personal/_Insurance/building_insurance/retrieve-a-quote.html;,<Response [404]>,1.043556
https://personal.rbs.co.uk/personal/_Insurance/building_insurance.html;,<Response [404]>,0.910979
https://personal.rbs.co.uk/personal/_Insurance/building_insurance/get-a-new-quote-option1.html;,<Response [404]>,0.912866
https://personal.rbs.co.uk/personal/_Insurance/building_insurance/important-imformation.html;,<Response [404]>,0.92229
https://personal.rbs.co.uk/personal/_Insurance/building_insurance/important-imformation/get-a-new-quote-option.html;,<Response [404]>,0.914575
https://personal.rbs.co.uk/personal/_Insurance/building_contents_insurance/retrieve-a-quote.html;,<Response [404]>,1.004963
https://personal.rbs.co.uk/personal/_Insurance/building_contents_insurance.html;,<Response [404]>,0.925426
https://personal.rbs.co.uk/personal/_Insurance/building_contents_insurance/get-a-new-quote-option1.html;,<Response [404]>,0.898566
https://personal.rbs.co.uk/personal/_Insurance/building_contents_insurance/important-imformation.html;,<Response [404]>,0.935688
https://personal.rbs.co.uk/personal/credit_cards/the_natwest_credit_card.html;,<Response [404]>,0.905565
https://www.business.rbs.co.uk/business/business-banking/how-we-use-your-information.html;,<Response [404]>,0.95732
https://www.business.rbs.co.uk/business/business-banking/business-tools/pentest/eligibilityCheckTool.html;,<Response [404]>,1.060247
https://www.business.rbs.co.uk/business/business-banking/business-tools/pentest/sbltooltest.html;,<Response [404]>,1.050122
https://www.business.rbs.co.uk/business/business-banking/business-tools/pentest/odtooltest.html;,<Response [404]>,1.089002
https://www.business.rbs.co.uk/business/business-banking/business-tools/pentest.html;,<Response [404]>,1.052699
https://www.business.rbs.co.uk/business/business-banking/business-tools/eligibility-check1.html;,<Response [404]>,1.006491
https://www.business.rbs.co.uk/business/business-banking/business-tools.html;,<Response [404]>,0.935378
https://www.business.rbs.co.uk/business/business-banking/business-tools/eligibility-check.html;,<Response [404]>,1.265555
https://www.business.rbs.co.uk/business/business-banking/business-lending/fixed-rate-loan/i-have-a-relationship-manager.html;,<Response [404]>,1.050739
https://www.business.rbs.co.uk/business/business-banking/business-lending/fixed-rate-loan/do-you-have-a-relationship-manager.html;,<Response [404]>,1.081119
https://www.business.rbs.co.uk/business/business-banking/business-lending/fixed-rate-loan/ntb-entity-types.html;,<Response [404]>,2.449874
https://www.business.rbs.co.uk/business/business-banking/business-lending/fixed-rate-loan.html;,<Response [404]>,0.922015
https://www.business.rbs.co.uk/business/business-banking/business-lending/fixed-rate-loan/etb-journeys-no-olb/llp-etb-what-you-need-to-apply.html;,<Response [404]>,1.032677
https://www.business.rbs.co.uk/business/business-banking/business-lending/fixed-rate-loan/etb-journeys-no-olb/llp-etb-start-app-call-us.html;,<Response [404]>,0.903622
https://www.natwestmarkets.com/,<Response [200]>,0.90795
https://www.natwestmarkets.com/natwest-markets/toolbar/accessibility.html,<Response [404]>,1.052015
https://www.natwestmarkets.com/natwest-markets/cc-check.html,<Response [200]>,0.88897
https://www.natwestmarkets.com/natwest-markets.html,<Response [200]>,0.859001
https://www.natwestmarkets.com/natwest-markets/about-us.html,<Response [200]>,0.87668
https://www.natwestmarkets.com/natwest-markets/our-locations.html,<Response [200]>,0.880276
https://www.natwestmarkets.com/natwest-markets/regulation.html,<Response [200]>,0.88078
https://www.natwestmarkets.com/natwest-markets/Products%20&%20Services.html,<Response [200]>,0.86563
https://www.natwestmarkets.com/natwest-markets/dcoe-test-area.html,<Response [404]>,0.916564
https://www.natwestmarkets.com/natwest-markets/information.html,<Response [404]>,0.92023
